{
    "accuracy": 0.788433734939759,
    "precision": 0.7758620689655172,
    "recall": 0.7980295566502463,
    "auc": 0.8735165907612231
}