{
    "accuracy": 0.7860240963855422,
    "precision": 0.7737296260786194,
    "recall": 0.7950738916256158,
    "auc": 0.8736685565573008
}